SMILES,MW,LogP,SA,Unobstructed,Orthogonal_Planes,H_Bond_Bridging,Optimized_SMILES
N#CC(C#N)=C1C=CC(=C(C#N)C#N)C=C1,204.192,0.0823200000000001,2.6,1,1,0,FC1=CC(F)=CC(I)=C1
C1=CC=C2C(=C1)C=CC1=CC=CC=C12,178.23399999999998,3.993000000000002,2.4,1,1,0,N#CC1=C(C#N)C(C#N)=C(C#N)C(C#N)=C1C#N
O=C(O)C(=O)O,90.03399999999999,-0.8443999999999998,1.6,1,1,0,IC1=CC=CC2=CC=CC=C12
C1=CC2=CC=CC3=C2C(=C1)CC3,154.21199999999993,2.938400000000001,2.2,1,1,0,O=CC1=CC(F)=CC=C1I
O=C1C(Cl)=C(Cl)C(=O)C(Cl)=C1Cl,245.876,2.5166,2.2,1,1,0,C1=CSC(=C2SC=CS2)S1
N#CC1=CC(C#N)=C(C#N)C=C1C#N,178.154,1.17332,2.4,1,1,0,CC1=CC=CC(I)=C1
C1=CC2=CC=C3C=CC=C4C=CC(=C1)C2=C34,202.256,4.584000000000002,2.6,1,1,0,O=CC1=CC(F)=CC=C1I
FC1=C(F)C(I)=C(F)C(F)=C1I,401.866,3.4522,2.2,1,1,0,IC1=CC=CC=C1Br
C#CC(=O)O,70.047,-0.2958,1.5,1,1,0,FC(F)(Br)C(F)(F)Br
N#CC(C#N)=C1C(F)=C(F)C(=C(C#N)C#N)C(F)=C1F,276.152,0.6387200000000002,3.0,1,1,0,FC1=CC=C(I)C=C1
C1=CC=C2C=C3C=CC=CC3=CC2=C1,178.23399999999995,3.993000000000002,2.4,1,1,0,N#CC(C#N)=C1C=C(F)C(=C(C#N)C#N)C=C1F
O=C1OC(=O)C2=CC3=C(C=C12)C(=O)OC3=O,218.11999999999995,-0.5045999999999999,2.6,1,1,0,N#CC1=NC(C2=NC(C#N)=NC(C#N)=N2)=NC(C#N)=N1
C1CSCCS1,120.242,1.4664,1.6,1,1,0,CC(C)(C)CI
FC1=C(F)C(F)=C(I)C(I)=C1F,401.866,3.4522,2.2,1,1,0,O=C1C=CC(Cl)=CC=C1I
O=C1C(Br)=C(Br)C(=O)C(Br)=C1Br,423.68,3.141,2.2,1,1,0,N#CC1=C(Cl)C(Cl)=C(C#N)C(Cl)=C1Cl
C1=CSC(=C2SC=CS2)S1,204.366,4.0154000000000005,2.0,1,1,0,BrCCCCCCBr
FC(F)(I)C(F)(F)C(F)(F)C(F)(F)I,453.836,4.3126,2.4,1,1,0,[O-][N+]1=C2C3=NON=C3OC3=NON=C3C2=NO1
FC(F)(I)C(F)(F)I,353.822,3.042,1.8,1,1,0,FC(F)(Br)C(F)(F)Br
FC1=C(F)C(F)=C2C(F)=C(F)C(F)=C(F)C2=C1F,272.09399999999994,3.9526,2.8,1,1,0,FC1=CC=C(F)C(I)=C1
C1=CC=C(C2=CC=CC=C2)C=C1,154.21199999999996,3.353600000000001,2.2,1,1,0,FC1=CC=C(F)C(I)=C1
C1=CC=C2C(=C1)C1=CC=CC=C21,152.19599999999997,3.3340000000000014,2.2,1,1,0,FC(F)(Br)C(F)(F)Br
C(#CC1=CC=CC=C1)C1=CC=CC=C1,178.234,3.086400000000001,2.4,1,1,0,IC1=CSSS1
C#CC1=CC=C(C#C)C=C1,126.15799999999996,1.6492000000000002,2.0,1,1,0,N#CC1=C(Cl)C(Cl)=C(C#N)C(Cl)=C1Cl
FC1=CC(F)=CC(C#CI)=C1,264.012,2.708800000000001,2.1,1,1,0,N#CC1=NC(C2=NC(C#N)=NC(C#N)=N2)=NC(C#N)=N1
FC1=C(F)C(F)=C(I)C(F)=C1F,293.96000000000004,2.9867,2.2,1,1,0,N#CC(C#N)=C1C=C2SC(=C(C#N)C#N)C=C2S1
BrCCCCCCBr,243.97,3.3366000000000025,1.8,1,1,0,O=CC1=CC=CC=C1I
FC1=C(F)C(Br)=C(F)C(F)=C1Br,307.866,3.768,2.2,1,1,0,IC1=CC(Cl)=CC=C1F
C1=CC=C2C(=C1)SC1=CC=CC=C12,184.263,4.054500000000002,2.3,1,1,0,FC1=C(F)C(F)=C(Br)C(F)=C1F
OC(O)C(Cl)(Cl)Cl,165.403,0.6672999999999998,1.7,1,1,0,IC1=CN=C(I)N1
BrC(Br)=C(Br)Br,343.638,3.6926,1.6,1,1,0,BrC1=CC=C(I)C=C1
C,16.043,0.6361,1.1,1,1,0,N#CC(C#N)=C1C=C(F)C(=C(C#N)C#N)C=C1F
[C],12.011,0.08129,1.1,1,1,0,BrC1=CC=C(F)C=C1Br
OCC(F)(F)F,100.03900000000002,0.5410000000000001,1.6,1,1,0,FC1=CC(F)=C(F)C(I)=C1F
C1=[S]C(=C2[S]=CC=[S]2)[S]=C1,204.366,2.2818000000000005,2.0,1,1,0,IC1=CC(Cl)=CC=C1Cl
IC#CC1=CC=C(I)C=C1,353.928,3.035200000000001,2.0,1,1,0,BrC1=CC=C(Br)C=C1
N#CC(C#N)=C1C=C(F)C(=C(C#N)C#N)C=C1F,240.172,0.36052,2.8,1,1,0,N#CC1=C(C#N)C(C#N)=C(C#N)C(C#N)=C1C#N
NC(=O)P,77.02300000000001,-0.0597999999999998,1.4,1,1,0,N#CC(C#N)=C1SC(=C(C#N)C#N)C2=NC=CN=C12
N#CC1=NC(C#N)=C(C#N)N=C1C#N,180.13,-0.03668,2.4,1,1,0,O=[N+]([O-])C(Br)(Br)Br
IC1=CN=C(I)N1,319.871,1.6188999999999998,1.7,1,1,0,FC1=CC=C(F)C(I)=C1
[O-][N+]1=C2C(=NO1)C1=[N+]([O-])ON=C1C1=[N+]([O-])ON=C21,252.102,-1.9896,2.8,1,1,0,O=CC1=CC=CC=C1I
N1=C2C3=NON=C3C3=NON=C3C2=NO1,204.105,0.2951999999999998,2.5,1,1,0,IC1=CC=CC=C1C=O
IC1=CC=C(I)C=C1,329.906,2.8958000000000013,1.8,1,1,0,O=C1C(=O)C(Cl)=C(Cl)C(Cl)=C1Cl
[C-]#[N+]C,41.053,0.53549,1.3,1,1,0,N#CC1=CC=CC=C1I
C1=CC2=C(S1)C1=C(C=CS1)S2,196.321,4.177500000000001,2.1,1,1,0,BrC1=CC=CC(Br)=C1
O=CNNC=O,88.06599999999999,-1.6066000000000005,1.6,1,1,0,N#CC1=CC=CC=C1I
IC#CC#CI,301.852,1.7782000000000002,1.6,1,1,0,BrC1=CC=CC=C1I
C1=CC=C2C=CC=CC2=C1,128.17399999999995,2.839800000000001,2.0,1,1,0,FC1=CC(F)=C(F)C(I)=C1F
FC(F)(Br)C(F)(F)C(F)(F)C(F)(F)Br,359.836,4.2324,2.4,1,1,0,IC1=CSSS1
N#CN,42.041,-0.57382,1.3,1,1,0,O=CC1=CC=CC=C1I
FC1=C(F)C(I)=C(F)C(I)=C1F,401.866,3.4522,2.2,1,1,0,BrC1=CC(Cl)=CC=C1Cl
N#CCC#N,66.063,0.42366,1.5,1,1,0,O=C1C=CC(Cl)=CC=C1I
NC(=O)C(Br)(Br)Br,295.756,1.3102,1.7,1,1,0,IC1=CC(Cl)=CC=C1F
O=C(O)CC(=O)O,104.061,-0.4543,1.7,1,1,0,BrCCCCCCBr
N#CNC#N,67.051,-0.46184,1.5,1,1,0,FC1=C(F)C(F)=C(Br)C(F)=C1F
IC#CC1=CC=C(C#CI)C=C1,377.95,3.1746000000000008,2.2,1,1,0,FC1=CC=C(I)C(F)=C1
N#CC(C#N)=C(C#N)C#N,128.094,0.3773199999999999,2.0,1,1,0,FC(F)(Br)C(F)(F)Br
CS(=O)(=O)O,96.107,-0.4959999999999998,1.5,1,1,0,N1=C2C3=NON=C3C3=NON=C3C2=NO1
CC1CCCCC1,98.189,2.5866000000000007,1.7,1,1,0,FC1=CC=C(I)C(F)=C1
FC1=CC=CC=C1I,222.0,2.430300000000001,1.8,1,1,0,FC1=CC(F)=C(F)C(I)=C1F
FC1=CC=C(I)C=C1,222.0,2.430300000000001,1.8,1,1,0,FC1=CC(F)=CC(I)=C1
FC1=CC=C(I)C(F)=C1,239.99,2.569400000000001,1.9,1,1,0,N1=C2C3=NON=C3C3=NON=C3C2=NO1
FC1=CC=C(F)C(I)=C1,239.99,2.569400000000001,1.9,1,1,0,FC1=CC(F)=CC(C#CI)=C1
FC1=CC=C(I)C(F)=C1F,257.98,2.7085,2.0,1,1,0,FC1=CC=C(I)C(F)=C1F
FC1=CC=C(F)C(I)=C1F,257.98,2.7085,2.0,1,1,0,FC1=CC=CC(I)=C1
FC1=CC(F)=C(F)C(I)=C1F,275.97,2.8476,2.1,1,1,0,BrC1=CC=C(F)C=C1Br
O=C=O,44.009,-0.5835,1.3,1,1,0,IC1=CC=CC=C1C=O
FC1=C(F)C(F)=C(F)C(F)=C1F,186.054,2.5212,2.2,1,1,0,FC1=CC=CC(F)=C1I
CN(C)C1=CC=CC=C1,121.18299999999996,1.7526,2.9,1,1,0,CC1=CC=CC(C)=C1I
FC1=CC=C(F)C=C1,114.094,1.9648,1.8,1,1,0,N#CC1=NC(C2=NC(C#N)=NC(C#N)=N2)=NC(C#N)=N1
CCC(C)C,72.151,2.0524,1.5,1,1,0,C1=CSC(=C2SC=CS2)S1
IC(I)I,393.731,2.575,1.4,1,1,0,IC1=CSSS1
C1CCCCCCC1,112.216,3.120800000000002,1.8,1,1,0,FC1=CC(F)=C(F)C(Br)=C1F
O=C1NC(=O)C(=O)N1,114.06,-1.6476000000000002,1.8,1,1,0,FC1=CC(F)=C(F)C(I)=C1F
O=C(O)C#CC(=O)O,114.05599999999998,-0.8409999999999997,1.8,1,1,0,BrC1=CC=C(Cl)C=C1Cl
CC=O,44.053,0.2052,1.3,1,1,0,BrC1=CC=CC2=CC=CC=C12
N#CC1=C(C#N)C(=O)C(C#N)=C(C#N)C1=O,208.136,-0.1742800000000001,2.6,1,1,0,CC1=CC=CC(C)=C1I
FC1=CC(F)=CC(F)=C1,132.084,2.1039,1.9,1,1,0,IC1=CC=CC(Br)=C1
N#CC1=NC(C#N)=NC(C#N)=N1,156.108,-0.51336,2.2,1,1,0,IC1=CC=CC=C1Br
ClC1=NC(Cl)=NC(Cl)=N1,184.413,1.8318000000000003,1.9,1,1,0,BrC1=CC=C(I)C=C1
BrC(Br)(Br)Br,331.62699999999995,3.1773,1.5,1,1,0,BrC1=C2C=CC=CC2=CC2=CC=CC=C12
BrC(Br)=C=C=C(Br)Br,367.66,4.0028,1.8,1,1,0,IC1=CC(Cl)=CC=C1F
CC(N)=S,75.136,0.2924,1.4,1,1,0,BrC1=CC=C(Cl)C=C1Cl
C1=CC=C2C(=C1)C1=CC=CC3=C1C2=CC=C3,202.256,4.487200000000002,2.6,1,1,0,FC1=CC(F)=CC(C#CI)=C1
C#CC1=C(F)C(F)=C(C#C)C(F)=C1F,198.118,2.2056000000000004,2.4,1,1,0,BrC1=CC=CC(Br)=C1
N#CC1=C(Cl)C(Cl)=C(C#N)C(Cl)=C1Cl,265.914,4.04356,2.4,1,1,0,IC1=CC=CC=C1I
BrC1=CC=C(Br)C=C1,235.906,3.2116000000000007,1.8,1,1,0,[O-][N+]1=C2C3=NON=C3OC3=NON=C3C2=NO1
BrC1=C2C=CC=CC2=CC2=CC=CC=C12,257.13000000000005,4.755500000000002,2.5,1,1,0,BrCCCCCCBr
FC1=CC(F)=CC(I)=C1,239.99,2.569400000000001,1.9,1,1,0,FC1=C(F)C(F)=C(I)C(F)=C1F
FC1=CC=CC(F)=C1I,239.99,2.569400000000001,1.9,1,1,0,BrC1=CC=CC2=CC=CC=C12
COC,46.069,0.2626,1.3,1,1,0,FC1=CC=C(F)C(I)=C1
O=C(O)C=CC=CC(=O)O,142.11,0.2679999999999999,3.0,1,1,0,IC1=CC=CC(Br)=C1
N#CC(C#N)=C1C=C2SC(=C(C#N)C#N)C=C2S1,266.30999999999995,1.3585200000000002,2.8,1,1,0,ClC1=NC(Cl)=NC(Cl)=N1
N#CC1=CC(C#N)=CC(C#N)=C1,153.14399999999998,1.30164,2.2,1,1,0,FC1=CC(F)=CC(C#CI)=C1
BrC1=C(Br)C=C(Br)C(Br)=C1,393.698,4.736600000000001,2.0,1,1,0,BrC1=CC=C(Br)C=C1
N#CC1=C(Cl)C(Cl)=C(Cl)C(Cl)=C1C#N,265.914,4.043559999999999,2.4,1,1,0,C1=CC=C2SC3=CC=CC=C3SC2=C1
N#CSC#N,84.10300000000001,0.68176,1.5,1,1,0,FC1=CC(I)=C(F)C(F)=C1F
IC#CC#CC#CI,325.874,1.7816000000000003,1.8,1,1,0,BrC1=CC=C(Br)C=C1
CCC1=CC=CC=C1,106.16799999999996,2.249000000000001,2.8,1,1,0,IC1=CSSS1
C=CC1=CC=CC=C1,104.15199999999996,2.3296,1.8,1,1,0,FC1=C(F)C(F)=C(Br)C(F)=C1F
C#CC1=CC=CC=C1,102.13599999999998,1.6679000000000002,1.8,1,1,0,FC1=C(F)C(F)=C(Br)C(F)=C1F
C=CCC1=CC=CC=C1,118.17899999999996,2.4151000000000007,2.9,1,1,0,FC1=CC(F)=C(F)C(Br)=C1F
ClCC1=CC=CC=C1,126.58599999999996,2.4254000000000007,2.8,1,1,0,FC1=CC(F)=CC(C#CI)=C1
BrCC1=CC=CC=C1,171.037,2.5815,2.8,1,1,0,FC1=CC=C(F)C(I)=C1
FC1=C(F)C(F)=C(Cl)C(F)=C1F,202.509,3.0355,2.2,1,1,0,BrC1=CC=C(Cl)C=C1Cl
FC1=C(F)C(F)=C(Br)C(F)=C1F,246.96,3.1446,2.2,1,1,0,N#CC1=CC2=[N+]([O-])ON=C2C([N+](=O)[O-])=C1
FC1=C(F)C(F)=C(Br)C(Br)=C1F,307.866,3.768,2.2,1,1,0,[O-][N+]1=C2C(=NO1)C1=[N+]([O-])ON=C1C1=[N+]([O-])ON=C21
FC1=C(F)C(Br)=C(F)C(Br)=C1F,307.866,3.768,2.2,1,1,0,IC=CC=CI
C=O,30.026,-0.1849,1.2,1,1,0,IC#CI
C#C,26.038,0.2493999999999999,1.2,1,1,0,O=C1C(=O)C(Cl)=C(Cl)C(Cl)=C1Cl
IC1=CSC(=C2SC=CS2)S1,330.262,4.778100000000001,2.1,1,1,0,IC#CI
N#CC1=NC(C2=NC(C#N)=NC(C#N)=N2)=NC(C#N)=N1,260.18,-0.7896800000000002,3.0,1,1,0,ICI
N#CC1=C(Cl)C(C#N)=C(Cl)C(Cl)=C1Cl,265.914,4.043559999999999,2.4,1,1,0,FC1=CC=CC=C1I
CC1=C(C)C=C(C)C(C)=C1,134.22199999999998,2.9202800000000018,2.0,1,1,0,FC1=CC=C(F)C(I)=C1F
C=CCC#N,67.091,1.08608,1.5,1,1,0,FC1=CC(F)=C(F)C(Br)=C1F
IC#CI,277.83,1.7748000000000002,1.4,1,1,0,BrC1=C2C=CC=CC2=CC2=CC=CC=C12
N#CC1=CC2=[N+]([O-])ON=C2C([N+](=O)[O-])=C1,206.117,0.2410799999999998,2.5,1,1,0,O=CC1=CC(F)=CC=C1I
C1=CSC=C1,84.14299999999999,1.7480999999999998,1.5,1,1,0,O=C(O)CC(C)I
ICI,267.835,1.8139,1.3,1,1,0,IC1=CC=CC=C1C=O
N1=C2OC3=NON=C3C3=NON=C3C2=NO1,220.104,0.2752999999999997,2.6,1,1,0,FC1=CC=C(F)C(I)=C1
[O-][N+]1=C2C3=NON=C3OC3=NON=C3C2=NO1,236.103,-0.4863000000000004,2.7,1,1,0,N#CC1=NC(C2=NC(C#N)=NC(C#N)=N2)=NC(C#N)=N1
N#CCCl,75.49799999999999,0.74878,1.4,1,1,0,BrC1=CC=C(Cl)C=C1Br
N#CC1=C(C#N)C(C#N)=C(C#N)C(C#N)=C1C#N,228.174,0.91668,2.8,1,1,0,N#CC1=C(Cl)C(Cl)=C(Cl)C(Cl)=C1C#N
CCCC,58.124,1.8064,1.4,1,1,0,BrC1=C2C=CC=CC2=CC2=CC=CC=C12
[C]C1=[C][C]=[C][C]=[C]1,84.07699999999998,0.62374,1.7,1,1,0,BrC1=CC=C(Cl)C(Cl)=C1
FC1=C(F)C(F)=C(C#CI)C(F)=C1F,317.982,3.1261,2.4,1,1,0,FC1=CC=C(C#CI)C=C1
ClC=CCl,96.94400000000002,1.9352,1.4,1,1,0,BrC1=CC=CC=C1I
N#CCF,59.04299999999999,0.47948,1.4,1,1,0,FC1=CC=C(C#CI)C=C1
CC1=CC=C2C=C(C)C=CC2=C1,156.228,3.456640000000002,2.2,1,1,0,BrC1=CC=C(Br)C=C1
CC1=CC=C2C=CC(C)=CC2=C1,156.228,3.456640000000002,2.2,1,1,0,BrC1=CC=C(Cl)C=C1Br
FC(F)(Br)C(F)(F)Br,259.822,2.9618,1.8,1,1,0,BrC1=CC=C(Br)C=C1
CC1=CC=C(C)C(C)=C1,120.195,2.611860000000001,1.9,1,1,0,N#CC1=C(C#N)C(=O)C(C#N)=C(C#N)C1=O
Cl[C](Cl)Cl,118.37,2.1497900000000003,1.4,1,1,0,C1=CC=C2SC3=CC=CC=C3SC2=C1
CC1=CC=CC2=CC=CC=C12,142.201,3.148220000000002,2.1,1,1,0,FC(F)(Br)C(F)(F)Br
O=C(O)C(Cl)(Cl)Cl,163.387,1.4412,1.7,1,1,0,N#CC1=C(Cl)C(C#N)=C(Cl)C(Cl)=C1Cl
FC1=CC(F)=C(F)C(C2=C(F)C(F)=CC(F)=C2F)=C1F,298.132,4.4664,3.0,1,1,0,FC1=CC=C(C#CI)C=C1
CC1(C)C2=C(Cl)C=CC3=CC=CC3=C21,202.684,4.084100000000003,2.4,1,1,0,N#CC1=C(C#N)C(C#N)=C(C#N)C(C#N)=C1C#N
FC1=CC=C(C#CI)C=C1,246.022,2.569700000000001,2.0,1,1,0,FC1=CC=C(Cl)C=C1Br
IC#CC1=CC=CC=C1C#CI,377.95,3.1746000000000008,2.2,1,1,0,IC1=CC=CC(F)=C1
CCC(C)(C)C,86.17799999999998,2.442500000000001,1.6,1,1,0,IC1=CC(Cl)=CC=C1F
CP(=O)(O)O,96.022,-0.2061,1.5,1,1,0,BrC1=CC=CC(Br)=C1
CC1=CC=CC(C)=C1C,120.195,2.611860000000001,1.9,1,1,0,BrC1=CC(F)=CC(Cl)=C1
CC1=CC=CC(Cl)=C1C,140.613,2.956840000000001,1.9,1,1,0,[O-][N+]1=C2C(=NO1)C1=[N+]([O-])ON=C1C1=[N+]([O-])ON=C21
CC1=CC=CC(Cl)=C1Cl,161.031,3.301820000000001,1.9,1,1,0,FC1=C(F)C(F)=C(Cl)C(F)=C1F
CC1=CC=C(Cl)C=C1Cl,161.031,3.301820000000001,1.9,1,1,0,N1=C2OC3=NON=C3C3=NON=C3C2=NO1
CC1=CC=C(Cl)C(Cl)=C1,161.031,3.301820000000001,1.9,1,1,0,N#CC(C#N)=C1C(F)=C(F)C(=C(C#N)C#N)C(F)=C1F
CC1=C(Cl)C=CC=C1Cl,161.03099999999998,3.301820000000001,1.9,1,1,0,[O-][N+]1=C2C(=NO1)C1=[N+]([O-])ON=C1C1=[N+]([O-])ON=C21
C=CC#N,53.06399999999999,0.6959799999999999,1.4,1,1,0,N#CC1=C(C#N)C(=O)C(C#N)=C(C#N)C1=O
C=CC=CC=C,80.13,1.9146,1.6,1,1,0,BrC1=CC=C(Cl)C=C1Cl
O=C1C(Cl)=C(Br)C(=O)C(Cl)=C1Br,334.778,2.8288,2.2,1,1,0,N#CC1=C(Cl)C(C#N)=C(Cl)C(Cl)=C1Cl
FC1=CC(F)=C(F)C(Br)=C1F,228.97,3.0055,2.1,1,1,0,N#CC1=C(C#N)C(C#N)=C(C#N)C(C#N)=C1C#N
N#CC(C#N)=C1SC(=C(C#N)C#N)C2=NC=CN=C12,262.257,0.0870199999999998,2.9,1,1,0,ICI
FC1=C(Br)C(F)=C(Br)C(F)=C1Br,368.772,4.3914,2.2,1,1,0,BrC1=CC=C(F)C=C1Br
IC1=CC(I)=CC(I)=C1,455.802,3.500400000000001,1.9,1,1,0,FC1=CC=C(F)C(I)=C1
BrC1=CC(Br)=CC(Br)=C1,314.802,3.974100000000001,1.9,1,1,0,[O-][N+]1=C2C(=NO1)C1=[N+]([O-])ON=C1C1=[N+]([O-])ON=C21
FC(Cl)Cl,102.923,1.7171,1.4,1,1,0,BrC1=CC=CC2=CC=CC=C12
FC1=CC=C(F)C(F)=C1F,150.074,2.2430000000000003,2.0,1,1,0,IC1=CC=CC=C1
FC1=CC(F)=C(F)C(F)=C1F,168.064,2.3821000000000003,2.1,1,1,0,C1=CC2=CC=CC3=C2C(=C1)CC3
O=C1C(=O)C(Cl)=C(Cl)C(Cl)=C1Cl,245.876,2.5166,2.2,1,1,0,N#CC(C#N)=C1C=C(F)C(=C(C#N)C#N)C=C1F
C(C#CC1=CC=CC=C1)#CC1=CC=CC=C1,202.256,3.089800000000001,2.6,1,1,0,N#CC1=CC=CC=C1I
C1=CC=C2SC3=CC=CC=C3SC2=C1,216.33,4.302400000000001,2.4,1,1,0,IC1=CC=CC=C1C=O
IC1=CC=CC(I)=C1,329.906,2.8958000000000004,1.8,1,1,0,IC1=CSSS1
CC1=CC=C2C=CC=CC2=C1C,156.22799999999998,3.456640000000002,2.2,1,1,0,BrCCCCCCBr
FC1=C(F)C(F)=C(I)C=C1I,383.876,3.3131000000000004,2.1,1,1,0,N#CC(C#N)=C1C(F)=C(F)C(=C(C#N)C#N)C(F)=C1F
C1=C2CCC3=C2C2=C(C=C3)SSC2=C1,216.33,4.0512000000000015,2.4,1,1,0,IC1=CSSS1
O=CC1=C(F)C(F)=C(F)C(F)=C1F,196.074,2.1946000000000003,2.3,1,1,0,O=C(O)CC(C)I
N#CC1=C(F)C(F)=C(C#N)C(F)=C1F,200.094,1.98636,2.4,1,1,0,N#CC1=C(C#N)C(=O)C(C#N)=C(C#N)C1=O
N#CC(C#N)=C1C=CC(=C2C=CC(=C(C#N)C#N)O2)O1,260.212,0.5553,3.0,1,1,0,IC1=CN=CS1
O=[N+]([O-])C(Br)(Br)Br,297.728,2.0591,1.7,1,1,0,FC1=CC=C(F)C(I)=C1F
CN1C=CC=C1,81.118,1.0251,1.6,1,1,0,N#CC(C#N)=C1C=CC(=C2C=CC(=C(C#N)C#N)O2)O1
N#CC1=C(O)C(C#N)=C(C#N)C(O)=C1C#N,210.152,0.5845199999999999,2.6,1,1,0,[O-][N+]1=C2C(=NO1)C1=[N+]([O-])ON=C1C1=[N+]([O-])ON=C21
C=C(C)C(=C)C,82.14599999999999,2.1386000000000003,1.6,1,1,0,IC1=CC(Cl)=CC=C1F
N#CC1=CC([N+](=O)[O-])=CC([N+](=O)[O-])=C1,193.118,1.37468,2.4,1,1,0,BrC1=CC=C(F)C=C1Br
BrC1=CC=CC2=CC=CC=C12,207.07,3.6023000000000014,2.1,1,1,0,FC1=CC=C(I)C=C1
C1=CC2=C(C=CS2)S1,140.232,2.9628000000000005,1.8,1,1,0,FC1=CC=CC(I)=C1
CCC(C)Cl,92.569,2.0237,1.5,1,1,0,FC1=CC(F)=C(F)C(Br)=C1F
C1=CC2=CC=CC3=CC=CC1=C23,152.19599999999994,3.3236000000000017,2.2,1,1,0,FC1=CC=C(I)C=C1
CCC(C)=C(C)CC,112.21599999999998,3.142800000000002,1.8,1,1,0,N#CC(C#N)=C1C=CC(=C2C=CC(=C(C#N)C#N)O2)O1
C1=CC=C2C(=C1)CCC1=CC=CC=C12,180.25,3.452200000000002,2.4,1,1,0,BrC1=CC=CC(Br)=C1
O=[N+]([O-])C1=C(Cl)N2N=NN3C(Cl)=C([N+](=O)[O-])N=C3C2=N1,319.02400000000006,0.8951999999999996,3.0,1,1,0,IC1=CSSS1
C1=C2SC3=CSC=C3C2=CS1,196.321,4.177500000000001,2.1,1,1,0,N#CC(C#N)=C1SC(=C(C#N)C#N)C2=NC=CN=C12
FC1=CC(I)=C(F)C(F)=C1F,275.97,2.8476,2.1,1,1,0,N#CC(C#N)=C1SC(=C(C#N)C#N)C2=NC=CN=C12
ClC1=CC=CC(Br)=C1,191.455,3.102500000000001,1.8,1,1,0,BrC1=CC=C(Cl)C=C1Br
CC1=CC=CC(Br)=C1,171.037,2.7575200000000013,1.8,1,1,0,IC1=CSSS1
CC1=CC=CC(Cl)=C1,126.586,2.6484200000000007,1.8,1,1,0,N#CC(C#N)=C1C=C(F)C(=C(C#N)C#N)C=C1F
CC1=CC=CC(I)=C1,218.037,2.5996200000000007,1.8,1,1,0,FC1=CC=CC=C1I
CCCC1=CC=CC=C1,120.19499999999996,2.639100000000001,2.9,1,1,0,BrC1=CC=C(Br)C=C1
CC1=CC=C(Br)C=C1,171.03700000000003,2.7575200000000013,1.8,1,1,0,O=C(I)c1ccccc1
CC1=CC=CC=C1Br,171.03699999999998,2.7575200000000013,1.8,1,1,0,O=C1C=CC(Cl)=CC=C1I
C1=CC2=CC=CC=C2C1,116.16299999999995,2.2559000000000005,1.9,1,1,0,O=CC1=C(F)C(F)=C(F)C(F)=C1F
C1=CCCC=CCC1,108.18399999999998,2.6728000000000014,1.8,1,1,0,N#CC(C#N)=C1C=CC(=C2C=CC(=C(C#N)C#N)O2)O1
ClCCCCCCCl,155.068,3.0244000000000018,1.8,1,1,0,IC1=CC=CC=C1
CC1=CC2=CC=CC=C2C=C1C,156.22799999999998,3.456640000000002,2.2,1,1,0,N#CC1=CC=CC=C1I
BrC#CC#CBr,207.852,1.6980000000000002,1.6,1,1,0,BrC1=CC=C(Br)C=C1
CC=CC,56.108,1.5824,1.4,1,1,0,O=C1C=CC(Cl)=CC=C1I
ClC(Cl)=C(Cl)Cl,165.834,3.0682,1.6,1,1,0,N#CC(C#N)=C1C=C2SC(=C(C#N)C#N)C=C2S1
C[S]([O])(=O)O,96.107,-0.2809,1.5,1,1,0,O=C(O)CC(C)I
IC=CC=CI,305.884,2.883800000000001,1.6,1,1,0,O=CC1=CC(F)=CC=C1I
FC1=C(F)C(F)=C(I(F)F)C(F)=C1F,331.956,3.8271,2.4,1,1,0,BrC1=CC=C(Br)C=C1
CS(N)(=O)=O,95.123,-1.0952999999999995,1.5,1,1,0,BrCCCCCCBr
C1=CC=C2C(=C1)CC1=CC=CC=C12,166.22299999999998,3.2578000000000014,2.3,1,1,0,IC1=CC=CC2=CC=CC=C12
IC#CC1=CC=CC(C#CI)=C1,377.95,3.1746000000000008,2.2,1,1,0,IC1=CSSS1
BrC#CC1=CC=C(C#CBr)C=C1,283.95,3.094400000000001,2.2,1,1,0,CC1(C)C2=C(Cl)C=CC3=CC=CC3=C21
CC(O)=S,76.12,0.8916999999999999,1.4,1,1,0,BrC1=CC=CC(Br)=C1
O=C1NC(=O)C(=O)N1,114.06,-1.6476000000000002,1.8,1,1,0,FC1=CC(F)=CC(I)=C1
FC1=CC=CC(Br)=C1,175.0,2.5882000000000005,1.8,1,1,0,BrC1=CC=CC=C1I
CC1=CC=C(C)C(C)=C1,120.195,2.611860000000001,1.9,1,1,0,FC1=CC(F)=CC(C#CI)=C1
O=C(O)CC(=O)O,104.061,-0.4543,1.7,1,1,0,Fc1ccccc1-c1ccccc1F
BrC1=CC(F)=CC(Cl)=C1,209.445,3.241600000000001,1.9,1,1,0,O=C1C(=O)C(Cl)=C(Cl)C(Cl)=C1Cl
CC1=NC(=S)SS1,149.265,2.24251,1.7,1,1,0,FC1=CC(F)=CC(I)=C1
CCC1=CC=C(C)C=C1,120.19499999999996,2.5574200000000005,2.9,1,1,0,N#CC(C#N)=C1C=C(F)C(=C(C#N)C#N)C=C1F
BrC1=CC=CC=C1,157.01,2.4491000000000005,1.7,1,1,0,O=C1C(Cl)=C(Cl)C(=O)C(Cl)=C1Cl
CN(C)C1=CC=CC=C1,121.18299999999996,1.7526,2.9,1,1,0,BrC1=CC=C(I)C=C1
CN1C=CC2=CC=CC=C21,131.17799999999997,2.1783,2.0,1,1,0,N#CC1=C(Cl)C(C#N)=C(Cl)C(Cl)=C1Cl
C=C(C)C1=CC=CC=C1,118.17899999999996,2.7197000000000005,1.9,1,1,0,FC1=CC=C(F)C(I)=C1
O=CC1=CC=CC(F)=C1,124.11399999999998,1.6382,1.9,1,1,0,N#CC(C#N)=C1C=C(F)C(=C(C#N)C#N)C=C1F
BrC1=CC(Br)=CC(Br)=C1,314.802,3.974100000000001,1.9,1,1,0,N#CC(C#N)=C1SC(=C(C#N)C#N)C2=NC=CN=C12
IC1=CC(Cl)=CC(I)=C1,364.351,3.549200000000001,1.9,1,1,0,FC1=CC=C(F)C(I)=C1F
CCC(C)(C)C,86.17799999999998,2.442500000000001,1.6,1,1,0,N#CC(C#N)=C1SC(=C(C#N)C#N)C2=NC=CN=C12
BrC1=CC=C(I)C=C1,282.90599999999995,3.053700000000001,1.8,1,1,0,N#CC(C#N)=C1C=C(F)C(=C(C#N)C#N)C=C1F
CC(C)(C)C1=CC=CC=C1,134.22199999999998,2.984100000000001,3.0,1,1,0,BrC1=CC(Cl)=CC=C1Cl
O=C(O)C#N,71.03500000000001,-0.4054199999999999,1.5,1,1,0,N#CC(C#N)=C1C=C(F)C(=C(C#N)C#N)C=C1F
CC1=CC=CC(C)=C1C,120.195,2.611860000000001,1.9,1,1,0,N#CC(C#N)=C1C=C2SC(=C(C#N)C#N)C=C2S1
O=C1NC(=O)NC1=O,114.06,-1.6476000000000002,1.8,1,1,0,N#CC1=C(C#N)C(=O)C(C#N)=C(C#N)C1=O
N#CC(=O)O,71.035,-0.4054199999999999,1.5,1,1,0,IC1=CC=CC(F)=C1
CCCC(C)C,86.178,2.442500000000001,1.6,1,1,0,II
FC1=CC=C(C#N)C=C1,121.114,1.69738,1.9,1,1,0,FC1=CC=C(I)C(F)=C1F
BrC1=CC(F)=CC(F)=C1,192.99,2.7273000000000005,1.9,1,1,0,N#CC(C#N)=C1C=CC(=C2C=CC(=C(C#N)C#N)O2)O1
FC1=CC=CC(I)=C1,222.0,2.430300000000001,1.8,1,1,0,FC1=C(F)C(F)=C2C(F)=C(F)C(F)=C(F)C2=C1F
CC(C)(C)C,72.151,2.0524,1.5,1,1,0,FC1=C(F)C(F)=C2C(F)=C(F)C(F)=C(F)C2=C1F
CC1=CC=C(C)C=C1,106.168,2.30344,1.8,1,1,0,N#CC1=NC(C2=NC(C#N)=NC(C#N)=N2)=NC(C#N)=N1
CC1=CC(C)=CC(C)=C1C,134.22199999999998,2.9202800000000018,2.0,1,1,0,N#CC(C#N)=C1SC(=C(C#N)C#N)C2=NC=CN=C12
CC(C)=O,58.080000000000005,0.5952999999999999,1.4,1,1,0,O=CC1=CC(F)=CC=C1I
CC#CC1=CC=CC=C1C,130.18999999999994,2.3664200000000006,2.0,1,1,0,N#CC1=C(C#N)C(=O)C(C#N)=C(C#N)C1=O
CC(C)(C)CBr,151.047,2.4274000000000004,1.6,1,1,0,BrC1=CC=C(Cl)C(Cl)=C1
O=CC1=CC=CC(Br)=C1,185.02,2.2616000000000005,1.9,1,1,0,BrC1=CC(Cl)=CC=C1Cl
IC1=CC=CC(F)=C1,222.0,2.4303,1.8,1,1,0,FC1=CC(F)=CC(C#CI)=C1
CS(=O)(=O)O,96.107,-0.4959999999999998,1.5,1,1,0,N#CC(C#N)=C1C=CC(=C2C=CC(=C(C#N)C#N)O2)O1
BrC1=CC=C(Cl)C(Cl)=C1,225.9,3.755900000000001,1.9,1,1,0,FC1=CC=C(F)C(I)=C1
BrC1=CC=C(Br)C=C1,235.906,3.2116000000000007,1.8,1,1,0,BrC1=CC(Cl)=CC=C1F
CC1=C(C)SSS1,150.293,3.281000000000001,1.7,1,1,0,FC1=CC(F)=CC(I)=C1
FC1=CC=C(I)C=C1,222.0,2.430300000000001,1.8,1,1,0,IC#CI
CC1=CC=CC2=CC=CC=C12,142.201,3.148220000000002,2.1,1,1,0,BrCCCCCCBr
IC(=O)C1=CC=CC=C1,232.02,2.2618,2.9,1,1,0,IC1=CC=CC=C1C=O
CC(N)=S,75.136,0.2924,1.4,1,1,0,IC1=CSSS1
IC1=CC=CC2=CC=CC=C12,254.07,3.4444000000000017,2.1,1,1,0,BrC1=C2C=CC=CC2=CC2=CC=CC=C12
N,17.031,0.1619999999999999,1.1,1,1,0,CC1=CC=CC(I)=C1
IC1=CC=CC(Br)=C1,282.906,3.053700000000001,1.8,1,1,0,BrC1=CC=CC(Br)=C1
CSS(=O)(=O)O,128.174,0.1522,1.6,1,1,0,O=C1OC(=O)C2=CC3=C(C=C12)C(=O)OC3=O
O=C1C=CC(Cl)=CC=C1Cl,175.014,2.3536,2.0,1,1,0,O=C1C=CC=C(Cl)C=C1Br
BrC1=CC=CC2=CC=CC=C12,207.07,3.6023000000000014,2.1,1,1,0,FC1=CC(F)=CC(I)=C1
C=CC#N,53.06399999999999,0.6959799999999999,1.4,1,1,0,N#CC1=NC(C2=NC(C#N)=NC(C#N)=N2)=NC(C#N)=N1
O=C(O)CI,185.948,0.506,1.5,1,1,0,BrC1=CC(Br)=CC(Cl)=C1
BrC1=CC=C(Cl)C=C1,191.455,3.102500000000001,1.8,1,1,0,O=C1C(Cl)=C(Cl)C(=O)C(Cl)=C1Cl
BrC1=CC=C(F)C=C1,174.99999999999997,2.5882000000000005,1.8,1,1,0,FC1=CC=CC(F)=C1I
BrC1=CC(Cl)=CC=C1Cl,225.9,3.755900000000001,1.9,1,1,0,N#CC(C#N)=C1C=CC(=C(C#N)C#N)C=C1
CCCCC(C)(C)C,114.232,3.2227000000000023,1.8,1,1,0,FC1=CC=C(F)C(I)=C1
CCC#N,55.07999999999999,0.91998,1.4,1,1,0,N#CC1=CC=CC(I)=C1
IC1=CC=CC(I)=C1,329.906,2.8958000000000004,1.8,1,1,0,BrC1=CC=C(Cl)C=C1I
CC1=CC2=CC=CC=C2S1,148.22999999999996,3.2097200000000017,2.0,1,1,0,FC1=C(F)C(F)=C(Br)C(F)=C1F
CCC(C)C,72.151,2.0524,1.5,1,1,0,BrC1=CC=CC(Br)=C1
O=CC1=CC=C(Cl)C=C1,140.569,2.1525,1.9,1,1,0,C1=CC=C2SC3=CC=CC=C3SC2=C1
CC1=CC=CC=C1C,106.168,2.30344,1.8,1,1,0,CC1=CC=CC(C)=C1I
IC1=CC=CC=C1I,329.906,2.8958000000000004,1.8,1,1,0,FC1=CC(F)=CC(C#CI)=C1
FC1=CC=CC(F)=C1,114.094,1.9648,1.8,1,1,0,BrC1=CC(Cl)=CC=C1Cl
CC1=CC=CC(C)=C1I,232.064,2.908040000000001,1.9,1,1,0,BrC1=CC=CC=C1Br
C#CCCC(=O)O,98.10099999999998,0.4843999999999999,1.7,1,1,0,BrC1=CC(Br)=CC(Br)=C1
BrC1=CC=CC=C1Br,235.906,3.2116000000000007,1.8,1,1,0,N#CC1=C(Cl)C(Cl)=C(Cl)C(Cl)=C1C#N
CC(C)C1=CC=CC=C1,120.19499999999996,2.8100000000000014,2.9,1,1,0,O=CC1=CC(F)=CC=C1I
CC1=CC=CC(Br)=C1,171.037,2.7575200000000013,1.8,1,1,0,FC1=CC=C(I)C(F)=C1
ClC1=CC=CC=C1,112.55899999999995,2.34,1.7,1,1,0,BrC1=CC(Cl)=CC=C1F
BrC1=CC=CC=C1I,282.90599999999995,3.0537,1.8,1,1,0,[O-][N+]1=C2C3=NON=C3OC3=NON=C3C2=NO1
CCC(C)C1=CC=CC=C1,134.22199999999998,3.2001000000000017,3.0,1,1,0,BrC1=C2C=CC=CC2=CC2=CC=CC=C12
IC1=CC(I)=CC(Br)=C1,408.802,3.658300000000001,1.9,1,1,0,FC1=CC=C(F)C(I)=C1F
BrC1=CC=CC(F)=C1,174.99999999999997,2.5882000000000005,1.8,1,1,0,FC1=CC(F)=C(F)C(I)=C1F
I,127.912,0.6180000000000001,1.1,1,1,0,FC1=CC=C(I)C(F)=C1F
N#CC1=CC=CC=C1I,229.02,2.1628800000000004,1.9,1,1,0,N#CC(C#N)=C1C=CC(=C2C=CC(=C(C#N)C#N)O2)O1
CC1=CSSS1,136.26600000000002,2.890900000000001,1.6,1,1,0,FC1=C(F)C(F)=C2C(F)=C(F)C(F)=C(F)C2=C1F
N#N,28.014,0.03016,1.2,1,1,0,BrC1=CC=CC=C1I
CC#N,41.053,0.52988,1.3,1,1,0,FC1=CC(F)=CC(I)=C1
N#CC1=CC=CS1,109.153,1.61978,1.7,1,1,0,N#CC1=NC(C#N)=C(C#N)N=C1C#N
O=CC1=CC=CC=C1I,232.02,2.1037,1.9,1,1,0,[O-][N+]1=C2C3=NON=C3OC3=NON=C3C2=NO1
FC1=CC=CC(Cl)=C1,130.549,2.4791000000000007,1.8,1,1,0,FC1=CC(F)=C(F)C(C2=C(F)C(F)=CC(F)=C2F)=C1F
CCC(C)(C)CC,100.20499999999998,2.832600000000001,1.7,1,1,0,N#CC(C#N)=C1SC(=C(C#N)C#N)C2=NC=CN=C12
FC1=CC=CC=C1I,222.0,2.430300000000001,1.8,1,1,0,FC1=CC=C(F)C(I)=C1
CC1=CC=CC(C)=C1Cl,140.613,2.956840000000001,1.9,1,1,0,BrCCCCCCBr
IC1=CC=C(Br)C=C1,282.906,3.053700000000001,1.8,1,1,0,N#CC1=C(Cl)C(Cl)=C(Cl)C(Cl)=C1C#N
CCC1=CC=CC(Br)=C1,185.064,3.0115000000000016,2.9,1,1,0,FC1=CC=C(C#CI)C=C1
IC1=CC=CC=C1Br,282.906,3.0537,1.8,1,1,0,N#CC(C#N)=C1C=C(F)C(=C(C#N)C#N)C=C1F
CCCC(C)(C)C,100.20499999999998,2.832600000000001,1.7,1,1,0,BrC1=CC=C(Cl)C=C1Br
CCC1=CC=CC(Cl)=C1,140.613,2.902400000000001,2.9,1,1,0,FC1=CC=C(F)C(I)=C1F
BrC1=CC(Br)=CC(Cl)=C1,270.351,3.865000000000001,1.9,1,1,0,BrC1=CC(Cl)=CC(F)=C1
CCCCC(C)C,100.20499999999998,2.832600000000001,1.7,1,1,0,N#CC1=C(Cl)C(Cl)=C(C#N)C(Cl)=C1Cl
C1=CSSS1,122.239,2.5008,1.5,1,1,0,N#CC1=CC=CC(I)=C1
IOC1=CC(Br)=CC(Br)=C1,377.801,3.9404,3.0,1,1,0,FC1=CC=C(C#CI)C=C1
BrC1=CC=C(Cl)C=C1Br,270.351,3.865,1.9,1,1,0,FC1=CC=C(F)C(I)=C1
C#CC(C)C1=CC=CC=C1,130.18999999999997,2.4233,3.0,1,1,0,O=C1C=CC(Cl)=C(Cl)C=C1
IC1=CC=CC=C1C=O,232.02,2.1037,1.9,1,1,0,FC1=CC=C(I)C(F)=C1
CC1=CC=C(Cl)C=C1,126.586,2.6484200000000007,1.8,1,1,0,FC1=CC=C(I)C=C1
CC1=CC=C(C)C=C1Cl,140.613,2.956840000000001,1.9,1,1,0,BrC1=CC(Cl)=CC(F)=C1
CC1=CC(C)=CC(C)=C1Cl,154.64,3.2652600000000023,2.0,1,1,0,C1=[S]C(=C2[S]=CC=[S]2)[S]=C1
O=C(O)C#CC(=O)O,114.05599999999998,-0.8409999999999997,1.8,1,1,0,C1=CC2=C(S1)C1=C(C=CS1)S2
IC1=CC(Cl)=CC=C1F,256.445,3.0837000000000003,1.9,1,1,0,BrC1=CC=C(Cl)C=C1Br
BrC1=CC=C(Cl)C=C1Cl,225.9,3.755900000000001,1.9,1,1,0,FC1=CC(F)=C(F)C(I)=C1F
IC1=CN=CS1,211.027,1.7477,1.6,1,1,0,O=CC1=C(F)C(F)=C(F)C(F)=C1F
BrC1=CC=CC(Cl)=C1,191.455,3.102500000000001,1.8,1,1,0,FC1=CC(F)=CC(C#CI)=C1
BrC1=CC=C(Cl)C=C1I,317.351,3.707100000000001,1.9,1,1,0,BrC1=CC(Br)=CC(Cl)=C1
C=CC,42.081,1.1923,1.3,1,1,0,BrC1=CC=C(Cl)C=C1
CC(C)(C)SSC,136.285,2.796100000000001,2.7,1,1,0,FC(F)(Br)C(F)(F)Br
IC1=C(Cl)C=CC=C1Br,317.351,3.707100000000001,1.9,1,1,0,IC1=CC=CC=C1C=O
BrC1=CC=CC(Br)=C1,235.906,3.2116000000000007,1.8,1,1,0,FC1=CC=C(I)C(F)=C1
O=C1C=CSS1,118.18200000000002,1.1698000000000002,1.6,1,1,0,CC1=CC=CC(I)=C1
FC1=CC=C(Br)C=C1,175.0,2.5882000000000005,1.8,1,1,0,O=C1C(Cl)=C(Cl)C(=O)C(Cl)=C1Cl
O=C(O)CC(Cl)Cl,142.969,1.2648,1.7,1,1,0,FC1=CC=CC=C1I
BrC1=CC=C(F)C=C1Br,253.896,3.3507000000000007,1.9,1,1,0,FC1=CC=CC(F)=C1I
CC1=CC=CC=C1Br,171.03699999999998,2.7575200000000013,1.8,1,1,0,FC1=CC=C(F)C(I)=C1
O=CC1=CC=C(Cl)C(Cl)=C1,175.014,2.805900000000001,2.0,1,1,0,N#CC1=CC=CC(I)=C1
IC1=CC(Cl)=C(Cl)C(Cl)=C1,307.345,4.2514,2.0,1,1,0,CC(C)(C)CI
ClC1=CC=C(F)C=C1,130.549,2.4791000000000007,1.8,1,1,0,O=CC1=CC=CC=C1I
C#CCC#N,65.075,0.53328,1.5,1,1,0,IC1=CC(Cl)=CC=C1F
C#CC1=CC=C(Br)C=C1,181.032,2.430400000000001,1.9,1,1,0,[O-][N+]1=C2C(=NO1)C1=[N+]([O-])ON=C1C1=[N+]([O-])ON=C21
FC1=CC=CC=C1Cl,130.54899999999998,2.4791000000000007,1.8,1,1,0,N#CC(C#N)=C1C(F)=C(F)C(=C(C#N)C#N)C(F)=C1F
CC1=C(C)C=CC=C1Cl,140.61299999999997,2.956840000000001,1.9,1,1,0,BrC1=CC=C(Cl)C(Cl)=C1
CCCBr,122.993,1.7913,1.4,1,1,0,IC1=CC(Cl)=CC=C1F
O=C(O)Cl,80.47,0.9032,1.4,1,1,0,BrC1=CC(Cl)=CC=C1Cl
IC1=CC(Cl)=C(Br)C(Br)=C1,396.247,4.469600000000001,2.0,1,1,0,Fc1cccc(OI)c1
C#CC1=CC=C(C)C(C)=C1,130.19,2.28474,2.0,1,1,0,BrC1=CC(Cl)=CC(F)=C1
N#CC1=CC=CC(F)=C1,121.11399999999998,1.69738,1.9,1,1,0,BrCCCCCCBr
IC1=CC=CC=C1F,222.0,2.430300000000001,1.8,1,1,0,II
CC(C)(C)CI,198.047,2.4675,1.6,1,1,0,O=C1C(Cl)=C(Cl)C(=O)C(Cl)=C1Cl
C1=CC=CC2=CC=CC=C12,128.17399999999998,2.8398000000000003,2.0,1,1,0,CC1=CC=CC(C)=C1I
CC(C)(C)CC#C,96.173,2.0558,1.7,1,1,0,BrCCCCCCBr
O=C1SC=C(Cl)S1,152.62699999999998,1.8232,1.7,1,1,0,FC1=CC(F)=C(F)C(I)=C1F
C=CC#CC=CC,92.14099999999998,1.7519,2.7,1,1,0,CC1=CC=CC2=CC=CC=C12
BrC1=CC=CC=C1Cl,191.455,3.102500000000001,1.8,1,1,0,IC1=CC(Cl)=CC=C1Cl
CC1=CC=C(C)C(C)=C1C,134.222,2.9202800000000018,2.0,1,1,0,FC1=CC=C(I)C(F)=C1F
O=C1C=CC(Cl)=CC=C1I,266.46500000000003,2.3048,2.0,1,1,0,BrC1=CC(Cl)=CC=C1Cl
FC1=CC=CC=C1,96.10399999999998,1.8257,1.7,1,1,0,N#CC1=CC=CC=C1I
BrC1=CC=C(F)C(F)=C1,192.98999999999995,2.7273000000000005,1.9,1,1,0,FC1=C(F)C(F)=C(Br)C(F)=C1F
O=CC1=CC(F)=CC=C1I,250.01,2.2428,2.0,1,1,0,N#CC(C#N)=C1C(F)=C(F)C(=C(C#N)C#N)C(F)=C1F
CC1=CC(C)=CC=C1Cl,140.613,2.956840000000001,1.9,1,1,0,FC1=CC=C(C#CI)C=C1
CC(C)(C)SC,104.218,2.1479,2.6,1,1,0,N#CC1=NC(C2=NC(C#N)=NC(C#N)=N2)=NC(C#N)=N1
CC1=CC=CC(C)=C1S,138.235,2.592140000000001,1.9,1,1,0,N#CC(C#N)=C1C=C2SC(=C(C#N)C#N)C=C2S1
IC1=CC=CC=C1,204.01,2.2912,1.7,1,1,0,BrC1=CC=CC(Br)=C1
O=C(O)C(=O)O,90.03399999999999,-0.8443999999999998,1.6,1,1,0,FC1=CC=CC(F)=C1I
IC1=CC(I)=CC=C1Cl,364.351,3.549200000000001,1.9,1,1,0,N#CC1=CC([N+](=O)[O-])=CC([N+](=O)[O-])=C1
FC1=CC=CC=C1Br,175.0,2.5882000000000005,1.8,1,1,0,FC1=CC=C(F)C(I)=C1F
N#CC1=CC(F)=CC=C1Cl,155.55899999999997,2.3507800000000003,2.0,1,1,0,FC1=CC=C(Cl)C=C1Br
O=CC1=CC(F)=CC=C1F,142.10399999999998,1.7773,2.0,1,1,0,BrC1=CC=CC=C1I
CCCCCCCC,114.232,3.3668000000000022,1.8,1,1,0,O=C1C=CC(Cl)=CC=C1I
CN(C)C1=CSS1,133.241,1.8756,2.7,1,1,0,O=C1C(Cl)=C(Cl)C(=O)C(Cl)=C1Cl
BrC1=CC=C(I)C(Cl)=C1,317.351,3.707100000000001,1.9,1,1,0,O=C1C(=O)C(Cl)=C(Cl)C(Cl)=C1Cl
BrC1=CC=C(F)C=C1F,192.98999999999995,2.7273000000000005,1.9,1,1,0,FC1=CC(F)=CC(C#CI)=C1
O=C1C=CC=CC1Br,173.009,1.445,1.8,1,1,0,BrC1=CC=CC(Br)=C1
C#CC1=CC=CC2=CC=CC=C12,152.19599999999997,2.8211000000000004,2.2,1,1,0,IC1=CC(Cl)=CC=C1F
FC1=CC=C2C=CCSC2=C1,166.22,2.944600000000001,2.1,1,1,0,O=C1C=CC(Cl)=CC=C1I
O=CC1=CC=C(Br)C=C1,185.02,2.2616000000000005,1.9,1,1,0,FC1=CC=CC(Br)=C1
IC1=CSSS1,248.135,3.2635000000000005,1.6,1,1,0,N#CC1=C(Cl)C(C#N)=C(Cl)C(Cl)=C1Cl
CCC1=CC=CC(C)=C1C,134.22199999999998,2.8658400000000013,3.0,1,1,0,O=C1C(=O)C(Cl)=C(Cl)C(Cl)=C1Cl
O=C1C=CC=C(Cl)C=C1Br,219.465,2.4627000000000008,2.0,1,1,0,FC1=CC=CC=C1I
CC1=CC=C(C)C(C)=C1Cl,154.64,3.2652600000000023,2.0,1,1,0,BrC1=CC=C(Br)C=C1
IC1=CON=C1,194.959,1.2792,1.6,1,1,0,IC1=CON=C1
CCCC(C)CC,100.205,2.832600000000001,1.7,1,1,0,FC1=CC=C(I)C(F)=C1
C=CC1=CC=C(C)C(C)=C1,132.206,2.946440000000001,2.0,1,1,0,BrC1=CC=C(Br)C=C1
CC1=CC(C)=CC(F)=C1,124.158,2.44254,1.9,1,1,0,ClC1=CC=CC(Br)=C1
N#CC(N)=S,86.119,-0.2039199999999998,1.5,1,1,0,BrC#CC#CBr
O=C1C(=O)NC(=O)N1,114.06,-1.6476000000000002,1.8,1,1,0,FC1=CC(F)=C(F)C(Br)=C1F
O=C1C=CC(Cl)=C(Cl)C=C1,175.014,2.3536,2.0,1,1,0,N#CC1=NC(C2=NC(C#N)=NC(C#N)=N2)=NC(C#N)=N1
CCC#CC(=O)O,98.10099999999996,0.4843999999999999,1.7,1,1,0,N#CC(C#N)=C1C(F)=C(F)C(=C(C#N)C#N)C(F)=C1F
CCC#CC(C)C,96.17299999999996,2.0558,1.7,1,1,0,BrC1=CC=C(Br)C=C1
CC1=CC=CS1,98.17000000000002,2.05652,1.6,1,1,0,BrC1=CC=C(F)C=C1Br
S=CCC(=O)O,104.13,0.4608,1.6,1,1,0,O=CC1=CC=CC=C1I
IC1=CC(Cl)=CC=C1Cl,272.9,3.5980000000000008,1.9,1,1,0,FC(F)(Br)C(F)(F)Br
FC1=CSSS1,140.229,2.798,1.6,1,1,0,O=C(I)c1ccccc1
C=C(C)C,56.10799999999999,1.5824,1.4,1,1,0,BrC1=C2C=CC=CC2=CC2=CC=CC=C12
CCCCC(C)CC,114.232,3.2227000000000023,1.8,1,1,0,FC1=CC=C(I)C(F)=C1F
BrC1=CC=CCC1,159.02599999999995,2.6152000000000006,1.7,1,1,0,N#CC(C#N)=C1C=C(F)C(=C(C#N)C#N)C=C1F
C1=CC=CC(Br)=C1,157.01,2.4491000000000005,1.7,1,1,0,FC1=CC=C(F)C(I)=C1F
CC1=C(C)C=C(C)C=C1C,134.22199999999998,2.9202800000000018,2.0,1,1,0,IC1=CSSS1
C#CC1=CC=CC=C1Cl,136.581,2.3213,1.9,1,1,0,N#CC1=C(C#N)C(C#N)=C(C#N)C(C#N)=C1C#N
N#CC1=CC(Cl)=CC=C1Cl,172.01399999999998,2.8650800000000007,2.0,1,1,0,BrCCCCCCBr
FC1=CC=C(Cl)C=C1,130.549,2.4791000000000007,1.8,1,1,0,FC1=CC(F)=C(F)C(Br)=C1F
N#CC1=CC=CC=C1Br,182.02,2.32078,1.9,1,1,0,N#CC1=CC=CC=C1I
N#CC1=CC=CC(I)=C1,229.02,2.1628800000000004,1.9,1,1,0,FC1=CC(F)=C(F)C(I)=C1F
CCC1=CC=C(C)C(C)=C1,134.22199999999998,2.8658400000000013,3.0,1,1,0,BrC1=CC=CC2=CC=CC=C12
ClC1=CC=CC=C1Br,191.455,3.1025,1.8,1,1,0,N#CC1=C(Cl)C(Cl)=C(Cl)C(Cl)=C1C#N
CC(C)CCC,86.178,2.442500000000001,1.6,1,1,0,N#CC(C#N)=C1C(F)=C(F)C(=C(C#N)C#N)C(F)=C1F
O=CC1=CC=C(I)C=C1,232.02,2.1037,1.9,1,1,0,N#CC1=NC(C2=NC(C#N)=NC(C#N)=N2)=NC(C#N)=N1
CCC1=C(Cl)C=CC=C1Cl,175.05799999999996,3.5558000000000014,3.0,1,1,0,N#CC(C#N)=C1C=C(F)C(=C(C#N)C#N)C=C1F
NC(=O)Cl,79.486,0.3039000000000001,1.4,1,1,0,BrC1=CC=C(Cl)C=C1Br
CC#CC1=CC=CC=C1,116.16299999999995,2.058,1.9,1,1,0,N#CC1=C(Cl)C(Cl)=C(Cl)C(Cl)=C1C#N
C=CC1=CSSS1,148.27700000000002,3.0570000000000004,1.7,1,1,0,C1=C2SC3=CSC=C3C2=CS1
N#CC(=O)C(=O)O,99.045,-0.8363200000000002,1.7,1,1,0,FC1=C(F)C(F)=C(Br)C(F)=C1F
C#CC1=CC=CC(Br)=C1,181.032,2.430400000000001,1.9,1,1,0,FC1=CC=C(I)C=C1
BrC1=CC=CC=C1F,174.99999999999997,2.5882000000000005,1.8,1,1,0,FC1=CC=C(F)C(I)=C1F
FC1=CC=C(Cl)C=C1Br,209.445,3.241600000000001,1.9,1,1,0,FC1=CC=C(F)C(I)=C1
CC(C)=S,74.148,1.3961,1.4,1,1,0,FC1=CC(F)=CC(I)=C1
BrC1=CC(Cl)=CC(F)=C1,209.445,3.2416,1.9,1,1,0,FC1=CC=CC(F)=C1I
FC1=C(F)C=CC=C1Br,192.98999999999995,2.7273000000000005,1.9,1,1,0,ClC1=CC=CC(Br)=C1
CC1=CC=CC(I)=C1,218.037,2.5996200000000007,1.8,1,1,0,IC#CI
CCCC1=CC=CC=C1C,134.22199999999995,2.9475200000000017,3.0,1,1,0,BrC1=CC=C(F)C=C1Br
FOC1=CC=CC=C1F,130.09299999999996,2.089,2.9,1,1,0,O=C1C=CC(Cl)=CC=C1I
CCCC(C)SC,118.245,2.538000000000001,2.7,1,1,0,FC1=CC=CC(F)=C1I
CC(C)(C)C(C)C,100.20499999999998,2.688500000000001,1.7,1,1,0,II
CC1=CC=CC(F)=C1,110.131,2.13412,1.8,1,1,0,BrC1=CC=CC(Br)=C1
IC1=CC(Cl)=C(I)C=C1,364.351,3.549200000000001,1.9,1,1,0,N#CC(C#N)=C1SC(=C(C#N)C#N)C2=NC=CN=C12
CC(C)=C(C)C,84.16199999999999,2.3626000000000005,1.6,1,1,0,BrC#CC#CBr
CC(C)(C)CC,86.178,2.442500000000001,1.6,1,1,0,O=CC1=CC=C(I)C=C1
CC(C)CC(C)C,100.20499999999998,2.688500000000001,1.7,1,1,0,IC1=CC(Cl)=CC=C1F
N#CCC#N,66.063,0.42366,1.5,1,1,0,BrC1=CC=C(Cl)C(Cl)=C1
II,253.808,1.7714,1.2,1,1,0,BrC1=CC(Br)=CC(Cl)=C1
IOC1=CC=CC=C1,220.009,2.4154,2.8,1,1,0,FC1=CC=C(I)C=C1
CC1=CC=C(C#C)C(C)=C1,130.19,2.28474,2.0,1,1,0,FC1=CC=CC(I)=C1
FOC1=CC=CC(F)=C1,130.093,2.0889999999999995,2.9,1,1,0,BrC1=CC=C(F)C=C1Br
FC1=CC=C(F)C(I)=C1,239.99,2.569400000000001,1.9,1,1,0,C(#CC1=CC=CC=C1)C1=CC=CC=C1
BrC1=CC(Cl)=CC=C1F,209.445,3.2416,1.9,1,1,0,FC1=CC=CC=C1I
O=O,31.998,0.067,1.2,1,1,0,N#CC1=CC=CC=C1Br
O=C(O)CC(C)I,214.002,1.2846000000000002,1.7,1,1,0,FC1=CC=CC(F)=C1I
IOC1=CC=CC(F)=C1,237.999,2.554500000000001,2.9,1,1,0,ICI
CC(=O)C,58.08,0.5952999999999999,1.4,1,1,0,FC1=CC=C(F)C(I)=C1
N#CC1=C(Cl)C=CC=C1Cl,172.01399999999998,2.8650800000000007,2.0,1,1,0,IC#CI
CC1=CC=CC=C1Cl,126.586,2.6484200000000007,1.8,1,1,0,N#CC1=C(C#N)C(C#N)=C(C#N)C(C#N)=C1C#N
BrC1=CC=C(I)C(I)=C1,408.802,3.658300000000001,1.9,1,1,0,N#CC(C#N)=C1C(F)=C(F)C(=C(C#N)C#N)C(F)=C1F
